{
  "instruments":[
    {
      "name":"kick",
      "type":"drum",
      "sections": {
        "intro": {
          "probs": [[1, 0, 0, 0, 0, 0, 0, 0, 0, 0, 0, 0, 0, 0, 0, 0]],
          "nexts": [[0]]
        },
        "verse": {
          "probs":[[1, 1, 0, 1, 1, 1, 0, 1, 1, 1, 0, 1, 1, 1, 0, 1],
                   [1, 0.75, 0, 1, 0.25, 0.25, 0, 1, 0.25, 0.25, 0, 1, 0.25, 0.25, 0, 1]],
          "nexts":[[0, 0, 1], [1, 1, 0]]
        }, "chorus": {
          "probs":[[0.5, 0, 1, 0, 0.5, 0, 1, 0, 0.5, 0, 1, 0, 0.5, 0, 1, 0],
                   [1, 0, 0.5, 0, 1, 0, 0.5, 0, 1, 0, 0.5, 0, 1, 0, 0.5, 0]],
          "nexts":[[0, 1], [1, 0]]
        }, "bridge": {
          "probs":[[1, 0, 0, 0, 1, 0, 0, 0, 1, 0, 0, 0, 1, 0, 0, 0],
                   [1, 0, 0.25, 0, 0.75, 0, 0.75, 0, 1, 0, 0.25, 0, 0.75, 0, 0.75, 0]],
          "nexts":[[0, 0, 1], [1, 0]]
        },
        "outro": {
          "probs": [[1, 0, 0, 0, 0, 0, 0, 0, 0, 0, 0, 0, 0, 0, 0, 0, 0, 0]],
          "nexts": [[0]]
        }
      }
    },
    {
      "name":"snare",
      "type":"drum",
      "sections": {
        "intro": {
          "probs": [[0, 0, 0, 0, 0, 0, 0, 0, 1, 0, 0, 0, 0, 0, 0, 0]],
          "nexts": [[0]]
        },
        "verse": {
          "probs":[[0, 0, 1, 0, 0, 0, 1, 0,0, 0, 1, 0,0, 0, 1, 0],
                   [0, 0, 0.5, 0.5, 0, 0, 0.5, 0.75,0, 0, 0.5, 0.75,0, 0, 0.5, 0.5]],
          "nexts":[[0, 0, 1], [1, 0, 1]]
        }, "chorus": {
          "probs":[[0, 0.25, 0, 0.25, 0, 0.25, 0, 0.25, 0, 0.25, 0, 0.25, 0, 0.25, 0, 0.25],
                   [0, 0.75, 0, 0.25, 0, 0.25, 0, 0.25, 0, 0, 0.5, 0.25, 0.25, 0.35, 0.75, 0.25]],
          "nexts":[[0, 1], [1, 0]]
        }, "bridge": {
          "probs":[[0, 0, 1, 0, 0, 0, 1, 0, 0, 0, 1, 0, 0.25, 0, 1, 0.25],
                   [0, 0, 1, 0, 0.25, 0, 0.25, 0, 0, 0, 1, 0, 0.25, 0.3, 0.25, 0.3]],
          "nexts":[[0, 0, 1], [1, 0]]
        },
        "outro": {
          "probs": [[0, 0, 0, 0, 1, 0, 0, 0, 0, 0, 0, 0, 0, 0, 0, 0, 0, 0]],
          "nexts": [[0]]
        }
      }
    },
    {
      "name":"hat",
      "type":"drum",
      "sections": {
        "intro": {
          "probs": [[0, 0, 1, 0, 1, 0, 1, 0, 0.3, 1, 0.3, 1, 0.3, 1, 0.3, 0.3]],
          "nexts": [[0]]
        },
        "verse": {
          "probs":[[0.1753264892, 0.25, 0.1753264892, 0.25, 0.1753264892, 0.25, 0.1753264892, 0.25, 0.1753264892, 0.25, 0.1753264892, 0.25, 0.1753264892, 0.25, 0.1753264892, 0.25, ],
                   [1, 0.5, 0.5, 0.25, 1, 0.5, 0.5, 0.25, 1, 0.5, 0.5, 0.25, 1, 0.5, 0.5, 0.25]],
          "nexts":[[0, 1], [1, 0]]
        }, "chorus": {
          "probs":[[0, 1, 0, 1, 0, 1, 0, 1, 0, 1, 0, 1, 0, 1, 0, 1],
                   [0.26, 1, 0.4, 1, 0.2, 1, 0.3, 1, 0.2, 1, 0.5, 1, 0.4, 1, 0.3, 1]],
          "nexts":[[0,0,1], [1,0]]
        }, "bridge": {
          "probs":[[0.75, 0, 0.25, 0.25, 0.75, 0, 0.5, 0.5, 0.75, 0, 0.25, 0.25, 0.75, 0, 0.5, 0.5],
                   [0.5, 0.3, 0.5, 0.5, 0.5, 0.3, 0.25, 0.25, 0.5, 0.3, 0.75, 0.5, 0.5, 0.3, 0.75, 0.5]],
          "nexts":[[0, 1], [1, 0]]
        },
        "outro": {
          "probs": [[0, 0.3, 0, 0.3, 0, 0.3, 0, 0.3, 0, 0.3, 0, 0.3, 0, 0.3, 0, 0.3, 0, 0.3]],
          "nexts": [[0]]
        }
      }
    },
    {
      "name":"cym",
      "type":"drum",
      "sections": {
        "intro": {
          "probs": [[0, 0, 0, 1, 0, 1, 0, 0, 0, 0, 0, 0, 0, 1, 0.75, 0.75]],
          "nexts": [[0]]
        },
        "verse": {
          "probs":[[0.15, 0.15, 0.15, 0, 0, 0, 0, 0, 0, 0, 0, 0, 0, 0.15, 0, 0.15],
                   [0, 0, 0, 0, 0, 0, 0, 0, 0, 0.25, 0.125, 0.25, 0, 0, 0, 0]],
          "nexts":[[0, 0, 1], [1, 0]]
        }, "chorus": {
          "probs":[[0, 0, 0, 0, 0, 0, 0, 0, 0.25, 0, 0.125, 0, 0.25, 0, 0.125, 0],
                   [0, 0, 0, 0, 0, 0, 0, 0, 0, 0.125, 0, 0.25, 0, 0.125, 0, 0.25]],
          "nexts":[[1, 0], [1, 0]]
        }, "bridge": {
          "probs":[[0, 0, 0, 0, 0.25, 0, 0, 0, 0, 0, 0, 0, 0, 0, 0, 0.5],
                   [0, 0, 0, 0, 0.25, 0, 0, 0, 0, 0, 0, 0, 0.15, 0, 0.15, 0.5]],
          "nexts":[[0, 0, 1], [1,1,0]]
        },
        "outro": {
          "probs": [[0, 0, 0, 0, 0, 0, 0, 0, 0, 0, 0, 0, 0, 0, 0, 0, 0, 0]],
          "nexts": [[0]]
        }
      }
    },
    {
      "name":"bounce",
      "type":"square",
      "sections": {
        "intro": {
          "probs":[[0.5, 0, 0, 0.75, 0, 0.25, 0, 0.75, 0.5, 0, 0, 0.75, 0, 0.25, 0.5, 0.75]],
          "notes":[[[], [], [], [], [], [], [], [], [], [], [], [], [], [], [], [] ]],
          "nexts": [[0]]
        },
        "verse": {
          "probs":[[0.5, 0, 0, 0.75, 0, 0.25, 0, 0.75, 0.5, 0, 0, 0.75, 0, 0.25, 0.5, 0.75]],
          "notes":[[[-2], [-2], [-5], [-5], [-4], [-4], [-4], [-4], [-1], [-1], [-5], [-5], [-4], [-4], [-4], [-4] ]],

          "nexts":[[0, 0, 1], [1, 1]]
        }, "chorus": {
          "probs":[[0.5, 0, 0, 0.75, 0, 0.25, 0, 0.75, 0.5, 0, 0, 0.75, 0, 0.25, 0.5, 0.75]],
          "notes":[[[-2, 5], [5], [-5, 2], [2], [-4, 3], [3], [3, -4], [3], [6, -1], [6], [2, -5], [2], [3, -4], [3], [3, -4], [3] ]],
          "nexts":[[0, 0, 1], [1]]
        }, "bridge": {
          "probs":[[0.5, 0, 0, 0.75, 0, 0.25, 0, 0.75, 0.5, 0, 0, 0.75, 0, 0.25, 0.5, 0.75]],
          "notes":[[[-9], [-9], [-5], [-5], [-4], [-4], [3], [3], [-8], [-8], [-5], [-5], [-4], [-4], [3], [3] ]],
          "nexts":[[0, 1], [1, 0]]
        },
        "outro": {
          "probs":[[0.5, 0, 0, 0.75, 0, 0.25, 0, 0.75, 0.5, 0, 0, 0.75, 0, 0.25, 0.5, 0.75]],
          "notes":[[[-2], [-2], [-5], [-5], [-4], [-4], [-4], [-4], [-1], [-1], [-5], [-5], [-4], [-4], [-4], [-4] ]],
          "nexts": [[0]]
        }
      }
    },
    {
      "name":"lead",
      "type":"sine",
      "sections": {
        "intro": {
          "probs": [[0.5, 0, 0, 0, 0.5, 0, 0.5, 0, 0.5, 0, 0, 0, 0.5, 0, 0, 0]],
          "notes":[[[5, 12], [5], [5, 12], [6, 13], [12, 13, 9, 10], [0], [13, 12, 9, 10], [0], [2], [2, 9], [2], [3], [3, 10], [3], [3, 10], [3]]],
          "nexts": [[0]]
        },
        "verse": {
          "probs":[[0.75, 0.75, 0.75, 1, 0, 0, 0, 0, 0.75, 0.75, 0.75, 0.25, 1, 0.25, 0.25, 0.25],
                   [1, 0.75, 0.75, 1, 0.5, 0, 0.5, 0, 0.75, 0.75, 0.75, 0.25, 1, 0.25, 0.25, 0.25]],
          "notes":[[[5], [5], [5], [6], [0], [0], [0], [0], [2], [2], [2], [3], [3], [3], [3], [3]],
                   [[5, 12], [5], [5, 12], [6, 13], [12, 13, 9, 10], [0], [13, 12, 9, 10], [0], [2], [2, 9], [2], [3], [3, 10], [3], [3, 10], [3]]],
          "nexts":[[0,0,1], [1]]
        }, "chorus": {
          "probs":[[0.5, 0, 0, 0.75, 0, 0.25, 0, 0.75, 0.5, 0, 0, 0.75, 0, 0.25, 0.5, 0.75]],
          "notes":[[[5], [5], [2], [2], [3], [3], [3], [3], [6], [6], [2], [2], [3], [3], [3], [3] ]],
          "nexts":[[0, 1], [1, 0]]
        }, "bridge": {
          "probs":[[0.5, 0, 0, 0.75, 0, 0.25, 0, 0.75, 0.5, 0, 0, 0.75, 0, 0.25, 0.5, 0.75]],
          "notes":[[[12], [11], [10], [11], [7], [9], [7], [9], [12], [11], [10], [12], [6], [10], [6], [10] ]],
          "nexts":[[0, 1], [1, 0]]
        },
        "outro": {
          "probs": [[0.1, 0.1, 0.1, 0.1, 0.1, 0.1, 0.1, 0.1, 0.1, 0.1, 0.1, 0.1, 0.1, 0.1, 0.1, 0.1, 0.1, 0.1]],
          "notes":[[[12], [11], [10], [11], [7], [9], [7], [9], [12], [11], [10], [12], [6], [10], [6], [10] ]],
          "nexts": [[0]]
        }
      }
    },
    {
      "name":"harm",
      "type":"triangle",
      "sections": {
        "intro": {
          "probs": [[0.5, 0, 0, 0, 0.5, 0, 0.5, 0, 0, 0, 0, 0, 0.5, 0.25, 0.5, 0.25]],
          "notes":[[[7, 0], [7,-7], [7, 0], [7,-7], [4, -3], [4, 11], [5, -2], [5, 12], [7, 14], [7, -7], [7, 14], [7, -7], [4, 11], [4, -3], [3, 10], [3, -4]]],

          "nexts": [[0]]
        },
        "verse": {
          "probs":[[0.25, 0.75, 0.75, 0.25, 0.25, 0.75, 0.75, 0.25, 0.25, 0.75, 0.75, 0.25, 0.25, 0.75, 0.75, 0.25],
                  [0.5, 1, 0.25, 0.25, 0.5, 1, 0.25, 0.25, 0.5, 1, 0.25, 0.25, 0.5, 1, 0.25, 0.25]],